city,address,status
100 MILE HOUSE,365 S CARIBOO HWY,Licensed
ABBOTSFORD,30495 CARDINAL AVENUE,Licensed
ABBOTSFORD,30  31940 SOUTH FRASER WAY,Licensed
ABBOTSFORD,32470 SIMON AVE,Licensed
ABBOTSFORD,2509 PAULINE ST,Licensed
ABBOTSFORD,100 - 1900 N PARALLEL ROAD,Licensed
ABBOTSFORD,33790 ESSENDENE AVE,Licensed
ABBOTSFORD,2520 MONTVUE AVE,Licensed
AGASSIZ,2406 HOT SPRINGS RD,Licensed
AGASSIZ,1810 #9 HIGHWAY,Licensed
ALDERGROVE,27214 FRASER HWY,Licensed
ALDERGROVE,26444 32 AVENUE,Licensed
ALERT BAY,81 FIR STREET,Licensed
ALERT BAY,287 291 FIR STREET,Licensed
ARMSTRONG,3400 SMITH DR.,Licensed
ARMSTRONG,2570 PLEASANT VALLEY ROAD,Licensed
BARRIERE,4347 YELLOWHEAD HWY,Licensed
BOSTON BAR,48115 TRANS CANADA HWY,Licensed
BOWEN ISLAND,102 - 996 DORMAN ROAD,Licensed
BURNABY,7557 EDMONDS ST,Licensed
BURNABY,5820 MARINE DR,Licensed
BURNABY,5  7000 LOUGHEED HIGHWAY,Licensed
BURNABY,9 1601 BURNWOOD DR,Licensed
BURNABY,7651 ROYAL OAK AVENUE,Licensed
BURNABY,5665 KINGSWAY,Licensed
BURNABY,4125 HASTINGS ST,Licensed
BURNABY,109-1899 ROSSER AVENUE,Licensed
BURNS LAKE,164 HWY 16,Licensed
BURNS LAKE,156 FRANCOIS LAKE DRIVE,Licensed
CACHE CREEK,1064 S TRANS CANADA HWY,Licensed
CAMPBELL RIVER,1340 ISLAND HWY,Licensed
CAMPBELL RIVER,20 - 1270 DOGWOOD ST,Licensed
CAMPBELL RIVER,145 BRANT DR,Licensed
CAMPBELL RIVER,1760 ISLAND HWY,Licensed
CAMPBELL RIVER,2253 SOUTH ISLAND HWY,Licensed
CAMPBELL RIVER,1342 SHOPPERS ROW,Licensed
CAMPBELL RIVER,84 DOGWOOD ST,Licensed
CAMPBELL RIVER,975 SHOPPERS ROW,Licensed
CAMPBELL RIVER,521 ROCKLAND RD,Licensed
CAMPBELL RIVER,A7 465 MERECROFT ROAD,Licensed
CAMPBELL RIVER,2207B GLENMORE RD,Licensed
CAMPBELL RIVER,45 KM W OF CAMPBELL RIVER,Licensed
CANAL FLATS,8893 GRANGER ROAD,Licensed
CASTLEGAR,651 18TH ST,Licensed
CASTLEGAR,1101 - 4 STREET,Licensed
CASTLEGAR,1810  8TH AVE,Licensed
CASTLEGAR,1965 COLUMBIA AVE,Licensed
CASTLEGAR,1502 E COLUMBIA AVE,Licensed
CENTRAL SAANICH,"PAD 5, JUS KEN TOWN CENTRE",Relocation Application
CENTRAL SAANICH,100 - 7143 WEST SAANICH ROAD,Licensed
CENTRAL SAANICH,7806 E  SAANICH RD,Licensed
CENTRAL SAANICH,2134 KEATING CROSS ROAD,Licensed
CHASE,4 - 451 BROOK STREET,Licensed
CHASE,718 SHUSWAP AVENUE,Licensed
CHEMAINUS,3030 PINE STREET,Relocation Application
CHEMAINUS,9576 CHEMAINUS RD,Licensed
CHEMAINUS,10519 KNIGHT ROAD,Licensed
CHEMAINUS,9644 CHEMAINUS RD.,Licensed
CHETWYND,4905 SOUTH ACCESS ROAD,Licensed
CHILLIWACK,8247 YOUNG ROAD,Licensed
CHILLIWACK,1 - 9701 MENZIES STREET,Licensed
CHILLIWACK,5865 VEDDER RD,Licensed
CHILLIWACK,1000 - 45610 LUCKAKUCK RD ,Licensed
CHILLIWACK,43971A INDUSTRIAL WAY,Licensed
CHILLIWACK,5 - 45555 MARKET WAY,Licensed
CHILLIWACK,201 - 5615 TESKEY WAY,Licensed
CHILLIWACK,46298 YALE ROAD,Licensed
CHILLIWACK,"UNIT F, 418 - 8249 EAGLE LANDING PARKWAY",Licensed
CHILLIWACK,10 45850 YALE ROAD,Licensed
CHILLIWACK,8559 YOUNG RD,Licensed
CHILLIWACK,45844 YALE ROAD,Licensed
CHRISTINA LAKE,1770 HWY  3,Licensed
CLEARWATER,228 EAST YELLOWHEAD HIIGHWAY,Licensed
CLINTON,1414 CARIBOO HIGHWAY,Licensed
CLINTON,1613 HIGHWAY 97,Licensed
COBBLE HILL,3566 HOLLAND AVENUE,Licensed
COBBLE HILL,49 - 1400 COWICHAN BAY RD,Licensed
COLDSTREAM,12408 KALAMALKA ROAD,Licensed
COLWOOD,504 - 1913 SOOKE ROAD,Licensed
COLWOOD,101 - 1740 ISLAND HIGHWAY,Licensed
COLWOOD,107  2244 SOOKE ROAD,Licensed
COMOX,2082 COMOX AVENUE,Relocation Application
COMOX,1770 COMOX AVE,Relocation Application
COMOX,2082 COMOX AVENUE,Relocation Application
COMOX,649 ANDERTON RD,Licensed
COMOX,3080 COMOX ROAD,Licensed
COMOX,2082 COMOX AVENUE,Licensed
COMOX,1185 KILMORNEY ROAD,Licensed
COMOX,1770 COMOX AVE,Licensed
COOMBS,2484 ALBERNI HWY,Licensed
COQUITLAM,140 SCHOOLHOUSE STREET,Licensed
COQUITLAM,"25, D  2773 BARNET HIGHWAY",Licensed
COQUITLAM,1125 FALCON DR,Licensed
COQUITLAM,940  3025 LOUGHEED HWY,Licensed
COQUITLAM,390 1175 JOHNSON STREET,Licensed
COQUITLAM,1000 AUSTIN AVE,Licensed
COQUITLAM,405 NORTH RD,Licensed
COQUITLAM,170 GOLDEN DRIVE,Licensed
COQUITLAM,319 NORTH RD,Licensed
COQUITLAM,UNIT #11 - 2662 AUSTIN AVE,Licensed
COQUITLAM,541 CLARKE RD,Licensed
COQUITLAM,935 BRUNETTE ST,Licensed
COURTENAY,101 - 444 LERWICK RD,Relocation Application
COURTENAY,275 8TH ST,Licensed
COURTENAY,1590 CLIFFE AVE,Licensed
COURTENAY,1001 RYAN ROAD,Licensed
COURTENAY,2355 MANSFIELD DR,Licensed
COWICHAN BAY,1681 COWICHAN BAY RD,Licensed
CRANBROOK,2100 E/F WILLOWBROOK DRIVE,Licensed
CRANBROOK,600 CRANBROOK ST   N,Licensed
CRANBROOK,21 CRANBROOK ST N,Licensed
CRANBROOK,22 - 7TH AVE SOUTH,Licensed
CRESTON,1418 CANYON ST,Licensed
CRESTON,123-9TH AVENUE S.,Licensed
CROFTON,1534 JOAN AVE,Licensed
CULTUS LAKE,3696 COLUMBIA VALLEY HWY,Licensed
CUMBERLAND,2692 DUNSMUIR AVE,Licensed
DAWSON CREEK,10100 10TH ST,Licensed
DAWSON CREEK,11705 8TH STREET,Licensed
DAWSON CREEK,12121 8TH ST,Licensed
DELTA,8899 120TH STREET,Licensed
DELTA,7229  120TH ST,Licensed
DELTA,8037 120TH ST,Licensed
DELTA,6439  120TH ST,Licensed
DELTA,10190 RIVER ROAD,Licensed
DELTA,UNIT 114 - 4857 ELLIOTT STREET,Licensed
DELTA,8473 120TH STREET,Licensed
DELTA,6574 LADNER TRUNK RD,Licensed
DELTA,E - 1215  56TH ST,Licensed
DELTA,5449 48TH AVE,Licensed
DELTA,11920 70TH AVE,Licensed
DEWDNEY,8793 RIVER ROAD SOUTH,Licensed
DUNCAN,2900 DRINKWATER ROAD,Relocation Application
DUNCAN,140 TRANS CANADA HWY,Licensed
DUNCAN,6777 BEAUMONT AVENUE,Licensed
DUNCAN,2755 BEVERLY STREET,Licensed
DUNCAN,6474 TRANS CANADA HIGHWAY,Licensed
DUNCAN,127 TRANS CANADA HWY,Licensed
DUNCAN,3287 COWICHAN LAKE RD,Licensed
DUNCAN,360 DUNCAN STREET,Licensed
EGMONT,16660 BACKEDDY ROAD,Licensed
ELKFORD,808 MICHEL RD,Licensed
ENDERBY,900 GEORGE STREET,Licensed
ENDERBY,1510 GEORGE STREET,Licensed
ESQUIMALT,856 ESQUIMALT ROAD,Licensed
ESQUIMALT,533 ADMIRALS RD,Licensed
ESQUIMALT,#12 - 1153 ESQUIMALT ROAD,Licensed
FERNIE,792 - 2ND AVENUE,Licensed
FERNIE,1641  7TH AVE,Licensed
FERNIE,100 RIVERSIDE WAY,Licensed
FERNIE,741 7TH AVE,Licensed
FORT FRASER,3RD AVE,Licensed
FORT NELSON,4607-55TH ST,Licensed
FORT NELSON,3995 50TH AVENUE SOUTH,Licensed
FORT NELSON,4204 50TH AVE N,Licensed
FORT ST. JAMES,1507 STONES BAY ROAD,Licensed
FORT ST. JAMES,7- 470 STUART DR W,Licensed
FORT ST. JOHN,10688 ALDER RD,Licensed
FORT ST. JOHN,10419 ALASKA ROAD,Licensed
FORT ST. JOHN,9223 100TH STREET,Licensed
FORT ST. JOHN,9 - 10440 100TH ST,Licensed
FORT ST. JOHN,8155 - 100TH AVENUE,Licensed
FORT ST. JOHN,10119  100TH AVE,Licensed
FORT ST. JOHN,9830  100TH AVE,Licensed
FRASER LAKE,111 CHOWSUNKET ST,Licensed
FRUITVALE,1867 HIGHWAY DRIVE,Licensed
GABRIOLA ISLAND,UNIT 4 - 575 NORTH ROAD ,Licensed
GABRIOLA ISLAND,UNIT 3 - 377 BERRY POINT ROAD,Licensed
GABRIOLA ISLAND,3383 SOUTH ROAD,Licensed
GALIANO ISLAND,134 MADRONA DRIVE,Licensed
GARDEN BAY,4958 LYONS ROAD,Licensed
GARIBALDI HIGHLANDS,40330 TANTALUS WAY,Licensed
GIBSONS,966 VENTURE WAY,Licensed
GIBSONS,1552 SUNSHINE COAST HWY,Licensed
GOLD RIVER,4  390 MUCHALAT DRIVE,Licensed
GOLDEN,1205 9TH ST  S,Licensed
GOLDEN,429  9TH AVE N,Licensed
GOLDEN,1049 TRANS CANADA HWY N,Licensed
GRAND FORKS,425 CENTRAL AVE,Licensed
GRAND FORKS,1675 CENTRAL AVENUE,Licensed
GREENWOOD,321 SOUTH COPPER STREET,Licensed
HARRISON HOT SPRINGS,889 HOT SPRINGS ROAD,Licensed
HARRISON HOT SPRINGS,222 CEDAR AVENUE,Licensed
HARRISON MILLS,46001 LOUGHEED HWY,Licensed
HAZELTON,1520 OMENICA STREET,Licensed
HIXON,39040  HWY 97 SOUTH,Licensed
HOPE,19974 SILVERVIEW RD,Licensed
HOPE,272 WALLACE STREET,Licensed
HOPE,583 B OLD HOPE PRINCETON WAY,Licensed
HORNBY ISLAND,4325 SHINGLE SPIT ROAD,Licensed
HOUSTON,3401 - 1TH ST,Licensed
HOUSTON,2800 YELLOWHEAD HWY,Licensed
HUDSON'S HOPE,10101 BEATTIE DRIVE,Licensed
INVERMERE,1310 7TH AVENUE,Licensed
JAFFRAY,2359 HIGHWAY 3/93,Licensed
KAMLOOPS,726 SYDNEY AVENUE,Licensed
KAMLOOPS,843 DESMOND ST,Licensed
KAMLOOPS,8  2101 EAST TRANS CANADA HIGHWAY,Licensed
KAMLOOPS,3369 WESTSYDE RD,Licensed
KAMLOOPS,20 - 945 W  COLUMBIA ST,Licensed
KAMLOOPS,1050  8TH ST,Licensed
KAMLOOPS,225 - 450 LANSDOWNE STREET,Licensed
KAMLOOPS,3020 WESTSYDE ROAD,Licensed
KAMLOOPS,490 PAUL LAKE ROAD,Licensed
KAMLOOPS,1626 VALLEYVIEW DR,Licensed
KAMLOOPS,1821 TRANS CANADA HWY E,Licensed
KAMLOOPS,1430 SUMMIT DRIVE,Licensed
KAMLOOPS,5220 BOGETTI PL,Licensed
KAMLOOPS,105 - 795 MCGILL ROAD,Licensed
KAMLOOPS,4309 OLD YELLOWHEAD HIGHWAY NO.5,Licensed
KAMLOOPS,377 TRANQUILLE ROAD,Licensed
KAMLOOPS,1271 C SALISH ROAD,Licensed
KAMLOOPS,2 - 177 TRANQUILLE ROAD,Licensed
KAMLOOPS,402 - 1801 PRINCETON - KAMLOOPS HWY,Licensed
KAMLOOPS,1380 HILLSIDE DRIVE,Licensed
KAMLOOPS,1250 ROGERS WAY,Licensed
KAMLOOPS,1 - 1800 TRANQUILLE ROAD,Licensed
KAMLOOPS,339 ST. PAUL STREET,Licensed
KAMLOOPS,405 VICTORIA ST,Licensed
KASLO,343 FRONT ST,Licensed
KELOWNA,1789 K.L.O. RD,Relocation Application
KELOWNA,C3-525 HWY 97 S,Relocation Application
KELOWNA,106  2395 GORDON DRIVE,Licensed
KELOWNA,2  4600 LAKESHORE DRIVE,Licensed
KELOWNA,"UNIT D220, 2339 HIGHWAY 97 NORTH",Licensed
KELOWNA,235 QUEENSWAY AVENUE,Licensed
KELOWNA,500 COOK ROAD,Licensed
KELOWNA,1973 HARVEY AVENUE,Licensed
KELOWNA,100 437 GLENMORE ROAD,Licensed
KELOWNA,1992 DILWORTH DRIVE,Licensed
KELOWNA,3929 LAKESHORE RD,Licensed
KELOWNA,348 BERNARD AVE,Licensed
KELOWNA,2789 K L O  RD,Licensed
KELOWNA,2170 HARVEY AVE,Licensed
KELOWNA,1171 HARVEY AVE,Licensed
KELOWNA,663 FINNS ROAD,Licensed
KELOWNA,PAD D - 1500 BANKS ROAD,Licensed
KELOWNA,19-590 HWY 33,Licensed
KELOWNA,3195 LAKESHORE ROAD,Licensed
KELOWNA,200 - 210 HIGHWAY 33 WEST,Licensed
KELOWNA,1175 ELLIS ST,Licensed
KELOWNA,1978 KIRSCHNER RD,Licensed
KELOWNA,1310 WATER STREET,Licensed
KEREMEOS,715 7TH STREET ,Licensed
KIMBERLEY,447  304TH ST,Licensed
KIMBERLEY,400 ROSS ST.,Licensed
KITIMAT,178 NECHAKO CENTER,Licensed
KITIMAT,506 ENTERPRISE AVE,Licensed
KITIMAT,225  276 CITY CENTRE,Licensed
KITIMAT,874 TSIMSHIAN BLVD,Licensed
LADYSMITH,1010  1ST AVE,Licensed
LADYSMITH,1680 TIMBERLANDS RD,Licensed
LAKE COUNTRY,9882 HWY 97,Licensed
LAKE COUNTRY,72  9522 MAIN STREET,Licensed
LAKE COWICHAN,56 NORTH  SHORE RD,Licensed
LANGFORD,2792 PEATT RD,Relocation Application
LANGFORD,104 2778 PEATT ROAD,Licensed
LANGFORD,2668 SOOKE RD,Licensed
LANGFORD,2903 SOOKE LAKE ROAD,Licensed
LANGFORD,2835 BRYN MAUR ROAD,Licensed
LANGLEY,27 - 20821 FRASER HIGHWAY,Relocation Application
LANGLEY,CRU-3 GLOVER RD & LANGLEY BY-PASS,Relocation Application
LANGLEY,4143  208 ST,Licensed
LANGLEY,#101 - 20151 FRASER HIGHWAY ,Licensed
LANGLEY,2364 200TH ST,Licensed
LANGLEY,19935 96TH AVE,Licensed
LANGLEY,112 & 113 20620 56TH AVENUE,Licensed
LANGLEY,100-19665 WILLOWBROOK DRIVE,Licensed
LANGLEY,5  20811 FRASER HWY,Licensed
LANGLEY,19988 84 AVE,Licensed
LANGLEY,20470 88 AVE,Licensed
LANGLEY,101 - 22071  48A AVE,Licensed
LANGLEY,8855 - 202ND STREET,Licensed
LANTZVILLE,7197 LANTZVILLE RD,Licensed
LILLOOET,667 MAIN ST,Licensed
LILLOOET,1237 MAIN ST,Licensed
LOGAN LAKE,111 CHARTRAND AVENUE,Licensed
LOGAN LAKE,264 POPLAR DR,Licensed
LOWER NICOLA,2319 ABERDEEN ROAD,Licensed
LUMBY,2004 SHUSWAP AVE,Licensed
LUMBY,1643 VERNON ST,Licensed
MACKENZIE,403 MACKENZIE BLVD,Licensed
MADEIRA PARK,12671 SUNSHINE COAST HIGHWAY,Licensed
MALAKWA,4260 OXBOW FRONTAGE ROAD,Licensed
MAPLE RIDGE,11232 DARTFORD ST,Licensed
MAPLE RIDGE,21755 LOUGHEED HWY,Licensed
MAPLE RIDGE,9610 287 ST,Licensed
MAPLE RIDGE,22222 LOUGHEED HWY,Licensed
MAPLE RIDGE,21525 DEWDNEY TRUNK RD,Licensed
MAPLE RIDGE,160- 20398 DEWDNEY TRUNK RD,Licensed
MAPLE RIDGE,22648 DEWDNEY TRUNK RD,Licensed
MAPLE RIDGE,23988 DEWDNEY TRUNK ROAD,Licensed
MAPLE RIDGE,12968 232 STREET,Licensed
MAPLE RIDGE,20690 LOUGHEED HWY,Licensed
MASSET,1993 COLLISON AVE,Licensed
MAYNE ISLAND,494 ARBUTUS DRIVE,Licensed
MERRITT,3623 DEWOLF WAY,Licensed
MERRITT,QUILCHENA & VOGHT STREETS,Licensed
MERRITT,2350 VOGHT ST,Licensed
MILL BAY,#108 & #109 2690 MILL BAY ROAD,Licensed
MISSION,A16- 7871 STAVE LAKE ST,Licensed
MISSION,740  32555 LONDON AVENUE,Licensed
MISSION,7160 OLIVER ST,Licensed
MISSION,32516 14TH AVE,Licensed
MISSION,33395 FIRST AVENUE,Licensed
NAKUSP,515 BROADWAY ST,Licensed
NANAIMO,1850 DUFFERIN CRES,Relocation Application
NANAIMO,5775 TURNER RD,Licensed
NANAIMO,1724 STEWART AVE,Licensed
NANAIMO,101-4750 HAMMOND BAY ROAD,Licensed
NANAIMO,2954 TRANS CANADA HIGHWAY,Licensed
NANAIMO,6201 DOUMONT ROAD,Licensed
NANAIMO,1604 CEDAR ROAD,Licensed
NANAIMO,129  4750 RUTHERFORD ROAD,Licensed
NANAIMO,1431 BOWEN ROAD,Licensed
NANAIMO,3296 ISLAND HIGHWAY NORTH,Licensed
NANAIMO,14  2220 BOWEN ROAD,Licensed
NANAIMO,"BUILDING D, 6950 OLD ISLAND HIGHWAY",Licensed
NANAIMO,3956 VICTORIA AVE,Licensed
NANAIMO,1 TERMINAL AVE,Licensed
NANAIMO,514 HALIBURTON ST,Licensed
NANAIMO,278 SELBY ST,Licensed
NANAIMO,UNIT #3  508 8TH ST,Licensed
NANAIMO,14 - 1588 BOUNDARY CRES,Licensed
NANAIMO,2211 JINGLE POT ROAD,Licensed
NANAIMO,#1 - 6404 METRAL DRIVE,Licensed
NANAIMO,1866 CEDAR RD,Licensed
NANAIMO,10  1273 ISLAND HWY SOUTH,Licensed
NANAIMO,# 400 - 530  5TH STREET,Licensed
NANOOSE BAY,2414 ISLAND HIGHWAY EAST,Licensed
NANOOSE BAY,3521 DOLPHIN DRIVE,Licensed
NELSON,712 NELSON AVE,Licensed
NELSON,616 VERNON ST,Licensed
NELSON,422 VERNON STREET,Licensed
NELSON,157 - 1121 LAKESIDE DR,Licensed
NEW DENVER,706 UNION STREET,Licensed
NEW HAZELTON,4545 10TH AVENUE,Licensed
NEW WESTMINSTER,104 -  810 QUAYSIDE DRIVE,Licensed
NEW WESTMINSTER,411 COLUMBIA ST,Licensed
NEW WESTMINSTER,48 EIGHTH STREET,Licensed
NEW WESTMINSTER,115  12TH ST,Licensed
NEW WESTMINSTER,525 7TH STREET,Licensed
NEW WESTMINSTER,140 6TH STREET,Licensed
NEW WESTMINSTER,250 COLUMBIA ST,Licensed
NEW WESTMINSTER,T140 - 805 BOYD STREET,Licensed
NEW WESTMINSTER,320  6TH ST,Licensed
NEW WESTMINSTER,1110 EWEN AVE,Licensed
NEW WESTMINSTER,444 E COLUMBIA STREET,Licensed
NORTH VANCOUVER,1559 BARROW ST,Relocation Application
NORTH VANCOUVER,1515 BARROW ST,Licensed
NORTH VANCOUVER,D120  1133 MOUNT SEYMOUR RD,Licensed
NORTH VANCOUVER,1015 MARINE DRIVE,Licensed
NORTH VANCOUVER,700 LILLOOET RD,Licensed
NORTH VANCOUVER,135 PEMBERTON AVE,Licensed
NORTH VANCOUVER,2989 LONSDALE AVE,Licensed
NORTH VANCOUVER,3018 - 3020 EDGEMONT BLVD,Licensed
NORTH VANCOUVER,86 SEMISCH AVE,Licensed
NORTH VANCOUVER,1052 DEEP COVE RD,Licensed
NORTH VANCOUVER,715  333 BROOKSBANK AVENUE,Licensed
NORTH VANCOUVER,1262 LYNN VALLEY ROAD,Licensed
NORTH VANCOUVER,1887 MARINE DRIVE,Licensed
NORTH VANCOUVER,127 - 1433 LONSDALE AVE,Licensed
OAK BAY,118 - 2187 OAK BAY AVE,Licensed
OKANAGAN FALLS,1045 MAIN STREET,Licensed
OLIVER,36041 - 97TH ST,Licensed
OLIVER,170 - 34017  97TH ST,Licensed
OSOYOOS,6405 67TH STREET,Licensed
OSOYOOS,7603 SPARTAN DRIVE,Licensed
PARKSVILLE,240 DOGWOOD STREET,Licensed
PARKSVILLE,163 SOUTH ALBERNI HIGHWAY,Licensed
PARKSVILLE,UNIT 1 160 CORFIELD ST,Licensed
PARKSVILLE,491 EAST ISLAND HIGHWAY,Licensed
PEACHLAND,5790 BEACH AVE,Licensed
PEACHLAND,10 5500 CLEMENTS CRESENT,Licensed
PEMBERTON,7423 FRONTIER STREET,Licensed
PENDER ISLAND,5827 SCHOONER WAY,Licensed
PENTICTON,1196 FAIRVIEW ROAD,Relocation Application
PENTICTON,131 - 2111 MAIN STREET (RELO),Relocation Application
PENTICTON,102  1027 WESTMINSTER HWY WEST,Licensed
PENTICTON,163-164 2111 MAIN STREET,Licensed
PENTICTON,UNIT 110 - 251 GREEN AVENUE WEST,Licensed
PENTICTON,1173 GOVERNMENT ST,Licensed
PENTICTON,123 FRONT STREET,Licensed
PENTICTON,360 MARTIN ST,Licensed
PENTICTON,2460 SKAHA LAKE RD,Licensed
PENTICTON,3502 SKAHA LAKE ROAD,Licensed
PENTICTON,333 MARTIN ST.,Licensed
PITT MEADOWS,13 - 19040 LOUGHEED HWY,Licensed
PITT MEADOWS,19267 LOUGHEED HWY,Licensed
PITT MEADOWS,19167 FORD RD,Licensed
PORT ALBERNI,4940 CHERRY CREEK ROAD,Licensed
PORT ALBERNI,3835 REDFORD STREET,Licensed
PORT ALBERNI,10695 LAKESHORE RD,Licensed
PORT ALBERNI,5086 JOHNSTON ROAD,Licensed
PORT ALBERNI,4963 ANGUS ST.,Licensed
PORT ALBERNI,4277 STAMP AVE,Licensed
PORT ALBERNI,4850 BEAVER CREEK RD,Licensed
PORT ALBERNI,5251 ARGYLE PLACE,Licensed
PORT ALBERNI,5170 ARGYLE STREET,Licensed
PORT COQUITLAM,2089 LOUGHEED HWY,Licensed
PORT COQUITLAM,1864 ARGUE AVE,Licensed
PORT COQUITLAM,2342 ELGIN AVENUE,Licensed
PORT COQUITLAM,3255 COAST MERIDIAN ROAD,Licensed
PORT COQUITLAM,1760 KINGSWAY,Licensed
PORT HARDY,4030 BYNG RD,Licensed
PORT HARDY,6555 HARDY BAY ROAD,Licensed
PORT MCNEILL,1817 CAMPBELL WAY,Licensed
PORT MCNEILL,1703 BROUGHTON BLVD,Licensed
PORT MOODY,4 - 2929 ST. JOHNS ST,Licensed
PORT MOODY,3224 ST  JOHN'S ST,Licensed
PORT MOODY,2414 ST. JOHN'S STREET,Licensed
PORT MOODY,215 A NEWPORT DRIVE,Licensed
PORT RENFREW,PARKINSON ROAD,Licensed
POUCE COUPE,4804 51ST STREET,Licensed
POWELL RIVER,101 - 7010 DUNCAN STREET,Licensed
POWELL RIVER,4675 ONTARIO AVE.,Licensed
POWELL RIVER,6251 YEW STREET,Licensed
POWELL RIVER,7074 WESTMINSTER ST,Licensed
POWELL RIVER,5987 LUND STREET,Licensed
POWELL RIVER,4463 MARINE AVENUE,Licensed
POWELL RIVER,5728 MANSON AVE,Licensed
PRINCE GEORGE,3050 BOEING ROAD,Relocation Application
PRINCE GEORGE,1512 12TH AVE,Relocation Application
PRINCE GEORGE,4038 COWART RD,Relocation Application
PRINCE GEORGE,770 BRUNSWICK STREET,Relocation Application
PRINCE GEORGE,444 GEORGE ST,Relocation Application
PRINCE GEORGE,1970 OSPIKA BOULEVARD,Licensed
PRINCE GEORGE,6055 MONTEREY ROAD,Licensed
PRINCE GEORGE,118  4488 HWY 16 WEST,Licensed
PRINCE GEORGE,460 OSPIKA BOULEVARD,Licensed
PRINCE GEORGE,3244  10TH AVE,Licensed
PRINCE GEORGE,1617 VICTORIA STREET,Licensed
PRINCE GEORGE,6475 JOHN HART HWY,Licensed
PRINCE GEORGE,4327 NORDIC DRIVE,Licensed
PRINCE GEORGE,100 TABOR BLVD S,Licensed
PRINCE GEORGE,4182  15TH AVE,Licensed
PRINCE GEORGE,2324  2150 FERRY AVE,Licensed
PRINCE GEORGE,5787 ALBERT PLACE,Licensed
PRINCE GEORGE,100 - 3328  15TH AVE,Licensed
PRINCE GEORGE,2280 HART HWY,Licensed
PRINCE GEORGE,2595 QUEENSWAY ST,Licensed
PRINCE GEORGE,487 GEORGE ST,Licensed
PRINCE GEORGE,6957 GISCOME ROAD,Licensed
PRINCE GEORGE,1724 STRATHCONA AVE,Licensed
PRINCE GEORGE,433 CARNEY ST,Licensed
PRINCE GEORGE,9912 SINTICH ROAD,Licensed
PRINCE GEORGE,112 - 6333 SOUTHRIDGE AVE,Licensed
PRINCE RUPERT,725 3RD AVE W,Licensed
PRINCE RUPERT,1125 PARK AVE,Licensed
PRINCE RUPERT,2ND AVE & 6TH ST,Licensed
PRINCE RUPERT,5 COW BAY ROAD,Licensed
PRINCE RUPERT,1352  11TH AVE EAST,Licensed
PRINCETON,199 HIGHWAY 3,Licensed
QUALICUM BEACH,6120 ISLAND HWY W,Relocation Application
QUALICUM BEACH,6120 ISLAND HWY W,Licensed
QUALICUM BEACH,3109 WEST ISLAND HIGHWAY,Licensed
QUALICUM BEACH,532 MEMORIAL AVE,Licensed
QUEEN CHARLOTTE CITY,2600 3RD AVE,Licensed
QUESNEL,10  155 MALCOLM DRIVE,Licensed
QUESNEL,2901 PINNACLES ROAD,Licensed
QUESNEL,308 MCLEAN STREET,Licensed
QUESNEL,254 FRONT ST,Licensed
QUESNEL,1262 MAPLE HEIGHTS RD,Licensed
QUESNEL,940 CHEW ROAD,Licensed
QUESNEL,2330 HYDRAULIC RD,Licensed
RADIUM HOT SPRINGS,7493 MAIN STREET,Licensed
RADIUM HOT SPRINGS,7538 MAIN ST. E,Licensed
REVELSTOKE,1925 LAFORME BLVD,Licensed
REVELSTOKE,2108 BIG EDDY ROAD,Licensed
REVELSTOKE,112 1ST ST  E,Licensed
REVELSTOKE,110 BOYLE AVENUE,Licensed
RICHMOND,7211 WESTMINSTER HIGHWAY,Licensed
RICHMOND,10 - 9371 NO 5 ROAD,Licensed
RICHMOND,8368 ALEXANDRA ROAD,Licensed
RICHMOND,8088 PARK ROAD,Licensed
RICHMOND,105/110-3671 WESTMINSTER HWY,Licensed
RICHMOND,2175 - 21000 WESTMINSTER HWY,Licensed
RICHMOND,3031 NO. 3. ROAD,Licensed
RICHMOND,400 - 9100 BLUNDELL ROAD,Licensed
RICHMOND,7551 WESTMINSTER HWY,Licensed
RICHMOND,12111 3RD AVE,Licensed
RICHMOND,1103  3211 GRANT MCCONACHIE WAY,Licensed
RICHMOND,200 - 10111 NO  3 RD,Licensed
RICHMOND,UNIT 120 - 8180 NUMBER 2 ROAD ,Licensed
RICHMOND,5031 STEVESTON HIGHWAY,Licensed
RICHMOND,112 - 3800 BAYVIEW ST,Licensed
RICHMOND,868  5300 NO. 3 ROAD,Licensed
RICHMOND,180 - 3031 BECKMAN PLACE,Licensed
ROSSLAND,1938 COLUMBIA AVENUE,Relocation Application
ROSSLAND,2003 2ND AVENUE,Licensed
SAANICH,UNIT 3  3631 DOUGLAS ST,Licensed
SAANICH,3366 DOUGLAS ST,Licensed
SAANICH,4  3960 SHELBOURNE STREET,Licensed
SAANICH,4025 BORDEN ST,Licensed
SAANICH,4291 GLANFORD AVE,Licensed
SAANICH,166  3170 TILLICUM ROAD,Licensed
SAANICH,3837 CADBORO BAY ROAD,Licensed
SAANICH,104 3510 BLANSHARD STREET,Licensed
SAANICH,4468 WEST SAANICH ROAD,Licensed
SAANICH,101  1660 MACKENZIE AVE,Licensed
SAANICH,3810 SHELBOURNE ST,Licensed
SAANICH,603-3991 QUADRA AVE,Licensed
SAANICHTON,2476 MOUNT NEWTON X RD,Licensed
SALMO,105 4TH STREET,Licensed
SALMO,115 4TH STREET,Licensed
SALMON ARM,112  1151  10TH AVE SW,Licensed
SALMON ARM,973 LAKESHORE DR SW,Licensed
SALMON ARM,2950 11TH AVENUE NORTHEAST,Licensed
SALMON ARM,200 TRANS CANADA HWY,Licensed
SALMON ARM,1050  30TH STREET SW,Licensed
SALT SPRING ISLAND,378 LOWER GANGES ROAD,Licensed
SALT SPRING ISLAND,108  149 FULFORD GANGES ROAD,Licensed
SALT SPRING ISLAND,2661 FULFORD-GANGES ROAD,Licensed
SAYWARD,1590 SAYWARD ROAD,Licensed
SECHELT,5580 WHARF STREET,Licensed
SECHELT,5770 TEREDO ST,Licensed
SETON PORTAGE,1 SETON PORTAGE ROAD,Licensed
SHAWNIGAN LAKE,2890 SHAWNIGAN LAKE RD,Licensed
SICAMOUS,1122 RIVERSIDE AVENUE,Licensed
SICAMOUS,420 MAIN ST,Licensed
SIDNEY,2280 BEACON AVE,Licensed
SIDNEY,2537 BEACON AVE,Licensed
SMITHERS,3251 E  HIGHWAY 16,Licensed
SMITHERS,1492 MAIN STREET,Licensed
SMITHERS,3939 YELLOWHEAD 16,Licensed
SMITHERS,1869 MAIN ST,Licensed
SOINTULA,210 - 1ST STREET,Licensed
SOOKE,6858 WEST COAST ROAD,Licensed
SOOKE,6309 SOOKE RD,Licensed
SOOKE,5126 SOOKE ROAD,Licensed
SOUTH PENDER ISLAND,9801 SPALDING ROAD,Licensed
SPARWOOD,614 DOUGLAS FIR ROAD,Licensed
SQUAMISH,37991  2ND AVE,Licensed
SQUAMISH,38241 CLEVELAND AVE,Licensed
SQUAMISH,38922 PROGRESS WAY,Licensed
STEWART,508 5TH STREET,Licensed
STEWART,405 FIFTH AVENUE,Licensed
SUMMERLAND,3 - 7519 PRAIRIE VALLEY ROAD,Relocation Application
SUMMERLAND,14218 ROSEDALE AVENUE,Licensed
SUMMERLAND,9 - 7519 PRAIRIE VALLEY ROAD,Licensed
SUN PEAKS,7 - 3250 VILLAGE WAY,Licensed
SURREY,413 - 6466  176TH ST,Relocation Application
SURREY,3550 KING GEORGE HWY,Relocation Application
SURREY,1611 128 ST,Relocation Application
SURREY,5590  152 STREET,Licensed
SURREY,9082A 152ND STREET,Licensed
SURREY,3140 KING GEORGE HWY,Licensed
SURREY,700 - 7380 KING GEORGE HWY,Licensed
SURREY,3550 KING GEORGE HWY,Licensed
SURREY,3020 - 152 STREET,Licensed
SURREY,110-7218 KING GEORGE BLVD,Licensed
SURREY,20  16051  24TH AVE,Licensed
SURREY,102  18789 FRASER HWY.,Licensed
SURREY,"UNIT 101, 15388  24TH AVENUE",Licensed
SURREY,12411 KING GEORGE BLVD,Licensed
SURREY,9167 148TH ST,Licensed
SURREY,8410-160TH STREET,Licensed
SURREY,8555  132ND ST,Licensed
SURREY,12054  96TH AVE,Licensed
SURREY,14817  108 AVE,Licensed
SURREY,10176  154TH ST,Licensed
SURREY,5708  176TH ST,Licensed
SURREY,1626 152ND STREET,Licensed
SURREY,103 - 13588 88TH AVENUE,Licensed
SURREY,10768 KING GEORGE HWY,Licensed
SURREY,9850 KING GEORGE HWY,Licensed
SURREY,12867 96 AVENUE,Licensed
SURREY,13468 72ND AVE,Licensed
SURREY,14974 104TH AVE,Licensed
SURREY,225 - 7115  138TH STREET,Licensed
SURREY,17630 56TH AVENUE,Licensed
SURREY,19580 56TH AVE,Licensed
SURREY,5858 176 ST,Licensed
SURREY,170 CENTRAL CITY 13450 102 AVENUE,Licensed
TAHSIS,187 HEAD BAY ROAD,Licensed
TAYLOR,10440 100TH ST,Licensed
TELKWA,RIVERSIDE ST,Licensed
TERRACE,4620 LAKELSE AVE,Licensed
TERRACE,3005 KALUM STREET,Licensed
TERRACE,4529 GREIG STREET,Licensed
TERRACE,2387 THORNHILL ST,Licensed
THETIS ISLAND,46 HARBOUR ROAD,Licensed
THORNHILL,3086 HIGHWAY 16 E,Licensed
TOFINO,120 1ST STREET,Licensed
TRAIL,1389 BAY AVE,Licensed
TRAIL,3 SCHOFIELD HIGHWAY,Licensed
TRAIL,1001 ROSSLAND AVE,Licensed
TUMBLER RIDGE,275 SOUTHGATE,Licensed
UCLUELET,1786 PENINSULA,Licensed
VALEMOUNT,1200 MAIN STREET,Licensed
VALEMOUNT,1485  5TH AVE,Licensed
VANCOUVER,3678 EAST HASTINGS STREET,Relocation Application
VANCOUVER,3045 MAIN ST,Licensed
VANCOUVER,1445 EAST 41ST AVENUE,Licensed
VANCOUVER,900 SEYMOUR ST,Licensed
VANCOUVER,6295 FRASER ST,Licensed
VANCOUVER,1218 WEST PENDER ST,Licensed
VANCOUVER,6509 VICTORIA DRIVE,Licensed
VANCOUVER,375 WATER STREET,Licensed
VANCOUVER,1116  HAMILTON STREET,Licensed
VANCOUVER,111A  1030 DENMAN STREET,Licensed
VANCOUVER,1139 W BROADWAY,Licensed
VANCOUVER,962 WEST KING EDWARD AVE,Licensed
VANCOUVER,855 BURRARD ST,Licensed
VANCOUVER,5650 DUNBAR ST,Licensed
VANCOUVER,961 DENMAN STREET,Licensed
VANCOUVER,1633 MANITOBA ST,Licensed
VANCOUVER,2409 BURRARD STREET,Licensed
VANCOUVER,1622 COMMERCIAL DR,Licensed
VANCOUVER,433 ROBSON STREET,Licensed
VANCOUVER,4892 CLARENDON STREET,Licensed
VANCOUVER,4333 FRASER ST,Licensed
VANCOUVER,2658 GRANVILLE ST,Licensed
VANCOUVER,3338 WEST BROADWAY,Licensed
VANCOUVER,4583 WEST 10TH AVE,Licensed
VANCOUVER,2289 WEST BROADWAY AVENUE,Licensed
VANCOUVER,243 - 2800 EAST 1ST AVENUE,Licensed
VANCOUVER,3415 CAMBIE STREET,Licensed
VANCOUVER,5503 - 5525 W BOULEVARD,Licensed
VANCOUVER,1489 E  HASTINGS ST,Licensed
VANCOUVER,2001 MACDONALD,Licensed
VANCOUVER,769 EAST HASTINGS STREET,Licensed
VANCOUVER,2018 4TH AVE W,Licensed
VANCOUVER,725 S  E  MARINE DR,Licensed
VANCOUVER,1450 MARINE DR SW,Licensed
VANCOUVER,1275 GRANVILLE ST,Licensed
VANCOUVER,898 W  BROADWAY,Licensed
VANCOUVER,1901 POWELL ST,Licensed
VANCOUVER,3728 CLARK DRIVE,Licensed
VANCOUVER,2769 EAST HASTINGS ST,Licensed
VANCOUVER,3678 EAST HASTINGS STREET,Licensed
VANCOUVER,1075 HORNBY STREET,Licensed
VANCOUVER,2889 E  HASTINGS ST,Licensed
VANCOUVER,30  678 DUNSMUIR ST,Licensed
VANCOUVER,500 WEST 12TH AVE,Licensed
VANCOUVER,2733 COMMERCIAL DRIVE,Licensed
VANCOUVER,4474 DUNBAR STREET,Licensed
VANCOUVER,#1 - 555 WEST 12TH AVENUE,Licensed
VANCOUVER,568 ABBOTT STREET,Licensed
VANDERHOOF,2508 BURRARD AVENUE,Licensed
VANDERHOOF,190 W  1ST STREET,Licensed
VANDERHOOF,2351 CHURCH STREET,Licensed
VERNON,4801 27TH STREET,Licensed
VERNON,300 - 4400 32ND STREET,Licensed
VERNON,2705 32ND STREET,Licensed
VERNON,#200 - 2401  58TH AVE,Licensed
VERNON,4209  27TH ST,Licensed
VERNON,1220 KALAMALKA LAKE ROAD,Licensed
VERNON,4803 PLEASANT VALLEY ROAD,Licensed
VERNON,4513 25TH AVE.,Licensed
VERNON,2922 - 30TH AVE,Licensed
VERNON,3914 32ND ST,Licensed
VERNON,3004 30TH AVE,Licensed
VERNON,6301 STICKLE RD,Licensed
VICTORIA,9 - 4144 WILKINSON ROAD (RELO),Relocation Application
VICTORIA,230 COOK ST,Licensed
VICTORIA,510 PANDORA AVENE,Licensed
VICTORIA,919 DOUGLAS ST,Licensed
VICTORIA,1821 COOK STREET,Licensed
VICTORIA,3020 BLANSHARD ST,Licensed
VICTORIA,427 BELLEVILLE ST,Licensed
VICTORIA,2852 DOUGLAS ST,Licensed
VICTORIA,759 YATES STREET,Licensed
VICTORIA,123 GORGE ROAD E,Licensed
VICTORIA,2915 DOUGLAS ST,Licensed
VICTORIA,1075 TILLICUM RD,Licensed
VICTORIA,930 VIEW STREET,Licensed
VICTORIA,2631 QUADRA ST,Licensed
VICTORIA,101 - 1505 ADMIRALS ROAD,Licensed
VICTORIA,1450 DOUGLAS STREET,Licensed
VICTORIA,2323 MILLSTREAM ROAD,Licensed
VICTORIA,3201 SHELBOURNE STREET,Licensed
VICTORIA,130  176 WILSON STREET,Licensed
VICTORIA,104 - 2940 JUTLAND ROAD,Licensed
VICTORIA,425 SIMCOE STREET,Licensed
VIEW ROYAL,23 HELMCKEN ROAD ,Relocation Application
VIEW ROYAL,498 ISLAND HIGHWAY,Licensed
WARFIELD,870 SCHOFIELD HWY,Licensed
WASA,6616 LARCH RD,Licensed
WEST KELOWNA,2442 DROUGHT RD,Licensed
WEST KELOWNA,100  3645 GOSSET ROAD,Licensed
WEST KELOWNA,102  3000 LOUIE DRIVE,Licensed
WEST KELOWNA,2210 BOUCHERIE ROAD,Licensed
WEST KELOWNA,1751 ROSS ROAD,Licensed
WEST VANCOUVER,1C 900 MAIN ST,Licensed
WEST VANCOUVER,2477 MARINE DRIVE,Licensed
WEST VANCOUVER,104 - 100 PARK ROYAL ,Licensed
WEST VANCOUVER,220  16TH ST,Licensed
WHISTLER,2129 LAKE PLACID RD,Licensed
WHISTLER,7017 NESTERS ROAD,Licensed
WHISTLER,1 - 4573 CHATEAU BLVD,Licensed
WHITE ROCK,1235 JOHNSTON ROAD,Licensed
WHITE ROCK,15144 NORTH BLUFF ROAD,Licensed
WILLIAMS LAKE,3015 MACKENZIE AVE N,Licensed
WILLIAMS LAKE,245 DONALD ROAD,Licensed
WILLIAMS LAKE,1730 S BROADWAY,Licensed
WILLIAMS LAKE,1114 DENNY ROAD,Licensed
WILLIAMS LAKE,1118 LAKEVIEW CRES,Licensed
YOUBOU,10524 NORTH SHORE ROAD,Licensed
ZEBALLOS,148 MAQUINNA AVENUE,Licensed
